ABV;DENSITY
0;10000
1;9985
2;9970
3;9956
4;9942
5;9929
6;9916
7;9903
8;9891
9;9878
10;9867
11;9855
12;9844
13;9833
14;9822
15;9812
16;9802
17;9792
18;9782
19;9773
20;9763
21;9753
22;9742
23;9732
24;9721
25;9711
26;9700
27;9690
28;9679
29;9668
30;9657
31;9645
32;9633
33;9621
34;9608
35;9594
36;9581
37;9567
38;9553
39;9538
40;9523
41;9507
42;9491
43;9474
44;9457
45;9440
46;9422
47;9404
48;9386
49;9367
50;9348
51;9329
52;9309
53;9289
54;9269
55;9248
56;9227
57;9206
58;9185
59;9163
60;9141
61;9119
62;9096
63;9073
64;9050
65;9027
66;9004
67;8980
68;8956
69;8932
70;8907
71;8882
72;8857
73;8831
74;8805
75;8779
76;8753
77;8726
78;8699
79;8672
80;8645
81;8617
82;8589
83;8560
84;8531
85;8502
86;8472
87;8442
88;8411
89;8379
90;8346
91;8312
92;8278
93;8242
94;8206
95;8168
96;8128
97;8086
98;8042
99;7996
100;7947
